fuel_split,KM,LSBMSPackSOC_h6HSC6_init,VehSpdAvgNonDrvn_h1HSC1_mean,VehSpdAvgNonDrvn_h1HSC1_std,EPTAccelActuPosHSC1_mean,EPTAccelActuPosHSC1_std,ACComprActuPwrHSC1_mean,ACComprActuPwrHSC1_std,BrkPdlDrvrAppdPrs_h1HSC1_mean,BrkPdlDrvrAppdPrs_h1HSC1_std,StrgWhlAngHSC1_mean,StrgWhlAngHSC1_std,VSELongtAcc_h1HSC1_mean,VSELongtAcc_h1HSC1_std,predict
3526944,36.83573925,23.4,18.3252748066,11.3575939973,2.82797226372,1.66356736774,0.542346326726,0.0668672923272,327.691032349,159.892703351,10.5435792204,27.2613897097,-0.0113082595308,0.0455387071903,3647483.4435
842656,6.573573889,25.2,17.9585220571,11.2532867007,2.70621713507,1.50542217092,0.533726751336,0.0545280109837,263.970332023,81.9948814811,17.2161041557,24.8849541186,-0.00680025346193,0.0220416994502,556547.873852
868912,7.845567056,23.9,20.358969862,10.0373093089,3.07872086955,1.31216553726,0.527540912284,0.0432974859583,285.918524903,79.7177021946,11.6015199663,19.253980522,-0.00769732901115,0.0190047489497,598183.014474
629296,5.982913389,24.9,15.7354992296,10.0135959718,2.40790106275,1.25199924407,0.523750763095,0.0599260233005,251.505346877,83.5270322845,11.6600937251,25.658420979,-0.00475667181401,0.0241920825921,465825.144796
1282016,10.10784067,24.4,21.9270271108,12.2685437447,3.49173208479,1.96338538805,0.509423319565,0.0766181500364,274.911401564,102.174265794,11.7275591839,31.3519929535,-0.0254694430426,0.0770976929944,924393.50467
834400,6.673173722,23.8,17.6715732213,10.6116046577,2.70494821934,1.4457041637,0.532214429965,0.0528184156367,277.513896658,88.905523191,13.9969465307,23.427284947,-0.00631760486607,0.0198269050827,538344.097044
1005408,8.16647125,25.4,22.6091296293,11.2054294521,3.44805280239,1.57169834953,0.509008816461,0.0638477804411,277.129427697,78.0793701198,10.7762555552,21.3200674863,-0.0327111145532,0.0814746914984,593805.546557
709504,6.613012028,23.9,18.9515136556,10.1878423089,2.89881234711,1.34541415745,0.522600034646,0.0528492548594,271.972658899,82.0749080213,10.2899496507,22.0039152879,-0.00668653853167,0.0217310882135,478112.228299
1703936,14.15664561,23.9,20.7629244426,12.1904586168,3.29439262758,2.03510967868,0.52156643435,0.0868154204994,254.504554275,81.6047164098,17.024238377,28.5745792251,-0.0256316743495,0.0626298101762,1400924.30624
905088,8.162520806,26.6,19.2353618597,10.3925934209,2.92184765473,1.36376144529,0.514106453356,0.0562772650368,264.5482268,83.8324315715,6.95867610954,26.0957190367,-0.0155948658672,0.0506600628679,611633.846165
2509600,30.59136875,23.0,22.0217718881,16.0074206927,3.55976836844,2.36859689648,0.482929824031,0.113676594025,294.281176388,180.7120904,5.43104046818,25.420256097,-0.0134619102978,0.0815192278892,2692146.68009
2191920,30.59627444,26.4,21.2602120409,14.8992543329,3.25124055169,1.95564660015,0.495200255169,0.100298079138,305.063955283,158.778136561,2.68050557898,18.3598436925,-0.0244551459065,0.0644582913972,2556501.82706
3540352,34.65498647,23.1,25.8111864441,19.6876288121,3.86268043186,2.25223496177,0.431802953483,0.115009280439,287.299166432,304.795495698,3.9043553997,22.6026262145,-0.0153777701645,0.101169572308,2770554.85489
2076528,26.60044217,24.8,25.5783063387,16.923883754,3.53668146262,2.02816753468,0.483319831662,0.103261655912,269.235493344,143.435757626,3.47907580221,21.434790236,-0.0269915538039,0.0985458834492,2155658.1286
2098592,30.48004058,28.1,20.6347089696,14.4862970892,3.00482328961,1.85637773591,0.505680344548,0.0935560189034,336.005993177,202.62937228,5.05603048925,13.6937605759,-0.0222436989505,0.0579545681731,2451018.16531
2527360,31.75312436,24.7,29.7770330991,13.8905939697,5.05369751866,1.93775695952,0.40879978594,0.0967118237444,253.736071173,202.557034414,-7.13223295648,18.0283456414,-0.00586729242992,0.108213250066,2539186.98876
3042160,43.71014403,26.6,39.8700038736,22.8787502726,4.2896369914,2.30012341835,0.414704022884,0.113827386471,176.122480663,185.172971137,0.313862979049,25.7553923546,-0.0634700432565,0.159376823757,3668962.26923
3080576,41.98844814,26.1,41.4071019789,23.0305316696,3.98319954146,2.05749241008,0.421720091638,0.113585521684,161.937002644,155.307740256,2.8161187318,19.3229931892,-0.0890943238662,0.117157490141,3445981.36238
3400800,43.07685389,24.4,36.6591458856,22.9034490382,4.25728891562,2.39667622882,0.427104197045,0.118320540271,191.304528387,151.832411768,-0.163620907587,26.188999385,-0.0590931651396,0.16455925505,3676135.14831
2997216,41.39167778,24.5,41.5511411956,22.4299660886,4.28679506109,2.23358605109,0.413990033824,0.113457549471,171.792334271,157.796150455,-1.0610255153,19.6534257995,-0.0881669406527,0.115051582441,3382411.91119
3407472,41.33513803,24.2,38.6301131672,23.2987730839,4.27117474136,2.37833523739,0.418378698168,0.114872950616,179.238833535,174.729368499,0.31437533651,27.3400406791,-0.0745495617317,0.152195319798,3476599.44345
3007904,42.18480008,21.9,38.268311999,23.7794464829,3.80238431698,2.13329494555,0.431440240346,0.116143453525,173.063826771,153.259075384,3.77933795482,23.2063789046,-0.0832354540366,0.120431511587,3580244.94445
5901360,63.226635,23.3,26.4404167674,18.2350635552,3.49195013245,1.73496334081,0.472047502994,0.102488211441,288.270527848,247.153774266,8.44098245884,17.3816613774,-0.0351103793643,0.0768729010326,5871840.02335
736928,6.546155417,23.2,16.6473041558,10.8336790609,2.53145390345,1.45219656748,0.53296901839,0.0568107495679,259.51171768,83.6973127144,16.4589313396,25.8331584295,-0.00566501357031,0.0217698372438,595567.17877
1899024,44.63284881,82.0,42.95635763,31.9975946,9.162930972,14.06885719,0.075265072,0.091256644,356.621441,901.6922365,-2.094133191,53.29362688,-0.019791739,0.705275101,2346025.07355
3437376,46.08466364,31.6,20.9084741971,17.1550708989,2.70514447803,1.39715432615,0.52007644285,0.0747120111529,323.166934337,145.534642073,6.77203679835,13.1198102014,-0.0244855418773,0.0534536088296,4021401.38525
3433392,44.67237269,28.7,53.3785364242,14.4131600854,4.73247573145,2.10854422656,0.365025874654,0.0944911303056,138.960925538,178.189490038,-5.09677449405,14.9226548618,-0.107512873898,0.163944099269,3801004.1985
3375184,42.12234156,25.8,35.7143484004,20.8119309387,3.90253298326,2.04573984113,0.426457482132,0.0903407791284,205.585171857,241.770866099,-5.22690048504,41.2128838516,-0.063221059439,0.112574680071,3707586.5336
3372704,51.64227494,27.9,24.5535236993,21.0877008065,2.91288147499,1.75463705096,0.473383738898,0.111401357823,236.45611581,246.738336074,7.43150233675,31.0420133021,-0.0362332813164,0.0942397124779,4667439.42219
671232,8.57517325,25.4,16.8908838602,13.0674315522,2.47212124423,1.51708191797,0.52320347741,0.0671698547152,252.638814163,107.10787972,11.6391384073,40.7218357763,-0.0289148299105,0.0529983119164,846009.397771
910528,17.48229478,59.5,28.86322458,23.894886,5.332697546,8.514631696,0.167980738,0.063883663,332.1875717,864.4713851,-3.318157258,58.98097066,-0.015926622,0.716300359,169239.172229
440560,22.68449789,82.0,24.7998724685,16.0546597148,4.72563085498,2.75814951123,0.4197547867,0.11668598936,235.116097715,227.331055824,16.1831111119,40.4088042026,-0.066277457351,0.109768915284,1350828.07818
2097088,26.94581203,34.9,24.6155255196,12.6833466725,5.89438414244,2.27523638972,0.381555457356,0.0926591815766,211.115019581,145.011734222,-14.4408566627,47.3231503735,0.053626696214,0.173142730289,2365980.04334
2043696,23.4424805,31.8,26.8813885294,14.422869536,5.32007749089,2.43554090534,0.402950436401,0.109031267829,213.586176705,156.683774984,18.0575654877,37.0816524644,-0.0810641168878,0.114409498164,2251883.08505
2076160,21.20421869,24.9,23.0484044042,18.9799500964,3.52964310501,2.52055499017,0.478019557074,0.105337677266,264.446147756,211.919278226,-3.69445850852,31.7301942526,-0.0311014699603,0.102542020903,1495368.76958
3095664,48.43482794,27.9,23.7245627028,22.2960523813,2.84377540546,1.81502320335,0.494973973375,0.104338449874,249.558732033,165.54469101,4.33035785059,20.2960453266,-0.0451887585733,0.0955255683702,4164576.92745
2372784,20.57173561,23.5,67.2889771,40.52403124,18.21006715,19.75836615,0.0,0.0,168.4603852,415.2878373,-5.655235508,58.51284357,0.014048701,0.778540649,946810.805938
27834944,314.4295471,29.7,26.8777180946,20.7574895347,3.06547292912,1.80653237057,0.470492663148,0.105393059822,273.730203538,258.329415839,3.90153880976,12.574605885,-0.0430254188943,0.0793061871166,31959102.3919
273072,6.11820075,94.1,20.57498617,24.41523611,4.738297805,9.900151977,0.0,0.0,481.9617001,1210.572096,-63.12423998,174.8925751,-0.031101355,0.663457653,-797152.840403
431104,7.717660333,80.0,30.4625655973,22.3939986878,2.8974494041,1.10763443104,0.460292577669,0.0984439133053,181.955666177,139.819747778,4.9827301004,19.1474659003,-0.0523168739684,0.0746151358141,-865738.205188
1400544,14.00616125,23.9,16.2776967866,20.2787913179,1.62086123558,1.29312466143,0.536816965128,0.0960869490204,187.875490675,101.406714236,33.0237451159,27.4929786592,-0.0240542851727,0.0580969153132,1226537.24027
688544,8.456605361,23.8,20.6718072582,18.772877748,2.39996629547,1.54702132061,0.524853433066,0.0862661488005,215.576537518,105.770548138,24.473714524,26.0901677551,-0.0236770730204,0.0538828244333,573062.297261
4202912,46.59193764,23.7,28.1029617485,22.6860695195,5.48282697494,2.18294245167,0.37799386792,0.0861167358871,145.287863956,78.7750524187,-15.6206550225,44.5165786948,-0.113120351457,0.099151075596,4213785.64389
651680,6.651446194,23.2,16.2747314985,11.2271334376,2.47854835117,1.41725377306,0.523370937753,0.0664996188432,255.007835886,91.768433615,12.1743501465,26.612671522,-0.00650687258409,0.0279044445185,532298.585054
955856,10.83821142,25.3,20.2703449181,11.8067630328,2.95183200068,1.18325758004,0.521611404238,0.0522759134997,312.261439101,105.783730727,4.91409447234,10.4730359387,-0.0119446263882,0.0308743305471,568460.369043
49040,21.41501839,80.2,26.1478564342,18.7587488747,4.08770549912,2.64900682093,0.448850330446,0.10970135576,246.79968641,263.098316057,-2.37313590646,25.4097479748,-0.039045733365,0.124300781619,592801.061525
1173488,21.01226847,43.6,25.069502253,21.2427857017,3.77741225854,2.74199192527,0.466277062419,0.113546974046,254.435757967,209.996049363,0.316168287603,27.4703176754,-0.0524406012018,0.102202967866,1114838.17436
2615472,34.23712272,24.9,38.4541134656,21.0849353263,4.98089701473,2.62659520709,0.403379651395,0.110450842268,149.45816188,186.732085311,-17.1950174449,48.0225292311,-0.132338742583,0.128617362475,2874356.16171
1696144,21.42839397,24.7,23.1016940059,18.7422493598,3.6590227873,2.63566035395,0.471899576634,0.112390892563,244.603266026,206.852724268,-0.566780824762,26.2608771615,-0.0349792957028,0.11389232683,1480583.63917
6394384,86.080149,73.0,23.8451834685,22.1332412094,3.07780437175,2.20695198056,0.465667188872,0.113173654273,274.638729553,259.650545541,10.9633150179,28.660443562,-0.0519867104483,0.0973280320744,7628043.56027
5329728,79.85329083,26.1,31.9132411552,23.6397750587,2.88435985982,1.75810299984,0.452884462314,0.11319350017,261.541402613,298.375771395,5.6628003631,20.7282930247,-0.0653695120766,0.0773873352262,7330996.63137
798544,9.342541278,27.8,21.6279391705,20.6568328731,2.32231386898,1.42663999337,0.507834432436,0.0963106301343,235.428246252,146.077469137,14.3365563417,23.7518886645,-0.0375238697235,0.0709673021761,321035.947189
907440,8.1329725,18.6,18.596132794,17.1851858257,2.52657493917,1.83164711064,0.51410269103,0.0937413589415,269.956986316,138.816014691,10.6213085778,27.2630123004,-0.0306373980454,0.0697048965563,479765.583756
33040,9.655505667,77.5,21.3048199687,17.2972827888,2.79132960841,1.52463606342,0.494140721132,0.0865780652108,234.805689928,116.079881305,6.23188914943,24.6799744157,-0.0284026058026,0.0589427049507,-288587.439892
0,8.582241444,97.0,22.2141234686,20.2205820413,2.508667783,1.62176259104,0.503956886839,0.0976988956548,251.973740306,150.057024398,11.6907933031,22.7334659989,-0.0440296301056,0.0734275883123,-772572.537754
50496,9.632884861,80.7,27.672946398,20.6018102848,2.85589060464,1.0386638424,0.475835873659,0.0900110503544,205.702264121,133.71888813,5.36815588012,17.7572670357,-0.0430265916877,0.0688271793287,-611625.363974
931296,36.62940172,83.0,15.9863265618,14.3384713745,2.90530125682,2.16084033143,0.503750053584,0.111788185994,411.491911333,353.792325972,9.30642650663,21.6714379727,-0.000236921229955,0.0947480432623,2368624.06827
2383056,32.07854492,30.9,49.728623791,16.5251013685,6.23012764825,2.08323072268,0.331008231674,0.00892337906847,332.269036948,405.233305921,-8.87255420534,23.3911321119,-0.0642502297621,0.155072733759,2282027.07675
2451024,32.65267128,28.4,53.236574868,14.8581332867,6.20854596848,1.92088411305,0.339280775166,0.0507695337788,277.005051838,363.205439845,-8.36867082211,25.6704882667,-0.0721014152344,0.162266960711,2511393.49117
1777264,23.10842072,27.2,42.6598954458,19.4217708945,3.80795286472,2.8485581708,0.339158688381,0.0578279507185,620.271938709,532.352854542,15.4174654006,20.1429629546,-0.00390856522824,0.0806531077664,1537506.6117
1879024,23.45312944,32.0,42.4102198477,18.6403535418,4.30015629675,2.85479758971,0.33898703327,0.0572969561161,603.36226429,514.747081928,9.53150064287,24.1487322255,-0.0274887715439,0.0906022659242,1533631.68978
3269744,35.20055961,23.7,15.0226180569,13.3133407332,3.53944387674,2.28353904989,0.483287650691,0.119878970971,476.003260604,410.057551558,0.869376046284,16.6532198517,0.0204624357069,0.107480785916,2859288.90454
2383056,32.07854492,30.9,49.728623791,16.5251013685,6.23012764825,2.08323072268,0.331008231674,0.00892337906847,332.269036948,405.233305921,-8.87255420534,23.3911321119,-0.0642502297621,0.155072733759,2282027.07675
2451024,32.65267128,28.4,53.236574868,14.8581332867,6.20854596848,1.92088411305,0.339280775166,0.0507695337788,277.005051838,363.205439845,-8.36867082211,25.6704882667,-0.0721014152344,0.162266960711,2511393.49117
1777264,23.10842072,27.2,42.6598954458,19.4217708945,3.80795286472,2.8485581708,0.339158688381,0.0578279507185,620.271938709,532.352854542,15.4174654006,20.1429629546,-0.00390856522824,0.0806531077664,1537506.6117
1879024,23.45312944,32.0,42.4102198477,18.6403535418,4.30015629675,2.85479758971,0.33898703327,0.0572969561161,603.36226429,514.747081928,9.53150064287,24.1487322255,-0.0274887715439,0.0906022659242,1533631.68978
3269744,35.20055961,23.7,15.0226180569,13.3133407332,3.53944387674,2.28353904989,0.483287650691,0.119878970971,476.003260604,410.057551558,0.869376046284,16.6532198517,0.0204624357069,0.107480785916,2859288.90454
931296,36.62940172,83.0,15.9863265618,14.3384713745,2.90530125682,2.16084033143,0.503750053584,0.111788185994,411.491911333,353.792325972,9.30642650663,21.6714379727,-0.000236921229955,0.0947480432623,2368624.06827
207552,16.24182542,93.8,23.5224386229,21.3697147837,3.70317407267,2.60677755811,0.463863982893,0.122237237013,198.503073753,123.455440301,10.868969583,43.4938014927,-0.0239931293561,0.12402357034,387478.936451
1287104,38.53972339,93.8,29.907382962,24.1786044722,2.79155027206,2.01174763056,0.451450386945,0.112663785824,350.822865355,350.185402214,-0.0499665215127,36.1933960626,-0.0388723537087,0.0877160124472,2160498.96367
2796544,35.71369356,42.1,26.5833115414,23.5441690822,2.79746091869,1.96518731066,0.456228394961,0.0997330022231,346.788324076,390.911092931,-1.68230325868,30.6471340486,-0.0146559059195,0.11408237364,2448242.04205
29307552,256.7505255,83.3,35.9490644819,23.9544244145,3.13867630922,2.14379016206,0.396801268326,0.0973096998153,392.838308157,485.547440486,4.74082932798,22.0118160011,-0.0544693227092,0.0984717986048,24980459.6335
1863536,19.90592231,22.2,23.7234152,24.96495242,4.631610885,10.42254865,0.15569272,0.06510853,601.8447711,873.6997949,15.26957278,147.9057427,0.030191677,0.606590446,2770875.41071
2165872,20.37489489,27.3,23.21998848,25.36417302,6.375650733,14.94321409,0.128561525,0.099049049,316.1163696,988.3283126,12.06148678,109.1501614,0.025943841,0.691313123,1779064.62998
30325024,248.6239577,23.4,34.8394973986,24.6187270422,3.10942721813,2.29709692596,0.402322682129,0.105727264389,417.766618147,472.458539546,6.49104100931,24.4381713017,-0.0593749674952,0.103862898088,25040996.332
212352,20.14757175,82.3,14.65629849,14.0069601005,2.47826782942,2.10775226368,0.521825037635,0.156343031711,598.54454741,514.337934896,7.21430671439,8.42988317585,-0.0146576622828,0.0752391674243,299431.395453
638416,16.09686911,48.2,3.52022898551,3.55523244103e-15,0.789607729469,1.45542328055e-14,0.33,6.38830829248e-15,1225.50724638,1.18318135637e-11,10.4920444444,6.93270326001e-14,-0.04425891748,4.09684988322e-16,1662402.69471
1175296,21.57191744,39.1,16.7210276314,14.6193174527,2.4903222221,1.98744476742,0.498649051406,0.138989589913,475.198595433,474.627213594,7.31028554519,11.7109507665,-0.0123917874755,0.0796229274924,1085790.6637
1251776,21.55063239,39.0,15.6716364824,14.3533618954,2.49643991214,2.02607443167,0.500701894254,0.141595611536,505.816324137,488.235701948,8.63882615428,13.3921892234,-0.00619997411341,0.0765653112692,1138717.61958
144960,6.804653167,82.3,22.790614893,17.0564241309,2.99469730611,1.65695818611,0.497154600386,0.0858790318398,266.982031274,131.1192259,3.16829520361,19.4483667488,-0.0420166420718,0.0884278177465,-777817.284663
1447328,38.427906,69.5,36.69021658,38.58836852,6.438764408,11.12232511,0.0,0.0,319.5371967,721.3897132,1.526779499,91.64485054,-0.019444106,0.483228788,2493746.50859
2894240,40.10815011,35.5,49.2712303,40.60865851,9.020858522,13.85836562,0.0,0.0,309.4898481,823.0351787,10.14841931,124.7249993,-0.022542228,0.513611173,3659178.36859
336544,5.81297575,35.5,37.1912244123,23.7507848092,4.89366396162,2.69191693108,0.428665012777,0.108893094485,199.514692148,103.878158908,2.46233720182,24.0748704912,-0.131001321289,0.0983563864323,-365947.091755
469056,5.495253528,29.4,18.71786612,19.44008088,3.959680481,11.64573714,0.0,0.0,472.9633835,850.4614812,2.95582127,97.11398464,-0.015529378,0.640312414,287690.849071
96224,34.24236347,96.7,15.2102603614,12.9764227413,2.10434551099,1.63784004753,0.554059596887,0.126638720347,559.229578986,483.665085062,12.9705750628,17.4092570398,-0.0236875521583,0.0551888678664,1863389.89843
556864,20.72437164,82.0,24.302060432,20.1439235285,2.92406135404,1.7616613518,0.484788927661,0.0981900651391,243.314639271,150.586415081,5.92446039832,23.5130791304,-0.0504890955042,0.092747672618,652535.054159
1073824,20.80214486,48.5,23.7117949541,14.6164898995,3.41874304532,1.60093505619,0.491639126902,0.0761379216541,269.618111453,117.623284011,3.13670692618,18.8172506964,-0.0369917231578,0.0827685514189,1272937.3158
816080,21.00874789,81.3,28.8153278063,20.1833001558,3.60340401138,1.97416021346,0.456840042917,0.0994783562082,210.901948817,139.378392535,1.04195148564,26.9005117996,-0.0715525736649,0.114537210851,686140.848289
969312,20.73773492,55.6,25.1882942105,15.1838370997,3.68522162872,1.73958545551,0.48327022294,0.0840308240722,262.41887919,120.352837004,3.1017528706,20.1299064466,-0.045015038996,0.0890281578474,1163099.14023
703696,12.89662775,31.0,20.5600900009,12.771256665,3.66831136986,2.31473523841,0.447369600916,0.0779037962627,224.020660422,88.5143255839,-11.5493889485,31.3258568508,-0.0815794752103,0.137122061426,768698.109863
1556512,20.69361681,26.2,23.756729409,16.841160332,3.27162024016,1.74383714925,0.492112196977,0.0865092660309,271.887239883,135.100117204,4.21002110766,21.0336714621,-0.0423904720603,0.0888856276254,1528072.20781
405984,9.692776917,83.7,19.4504457767,16.7658126868,2.41821408122,1.38917939306,0.519618937825,0.0774836460505,240.976329756,113.089857602,15.1675244173,25.2813898247,-0.0317309048143,0.0630801592624,-215112.479988
0,9.027207028,69.2,30.6403667355,22.7138027401,2.83536977035,1.10541517352,0.465358120416,0.0998061319783,188.047914597,146.63122277,6.56611785208,18.536870908,-0.0554775468995,0.0742353076993,-579790.901535
65536,10.78972511,54.4,21.4515088426,16.5298853452,2.65038019891,1.28381544691,0.509614651577,0.0744700153353,247.956029257,115.731480586,9.64874645313,21.5941094896,-0.0382749900549,0.0673738003251,188537.191324
33200,6.331641333,96.4,17.7453567166,10.2673458781,2.69525372788,1.29463151499,0.530602327908,0.0477728392634,290.306730974,93.9268745127,10.7817968621,19.9538380916,-0.00667873089591,0.0202781882742,-616809.795222
0,6.286766278,83.2,15.6546304157,11.2478565943,2.31466623503,1.26917911388,0.535113896553,0.0560240845072,276.627704789,103.396602925,14.2242899418,23.4832808899,-0.00700151162866,0.0261452072234,-385480.591999
0,13.49040483,72.5,18.0499490446,19.3816395881,1.99019513145,1.47058971066,0.534273321417,0.0893702184844,216.632394136,117.472520717,27.996820384,26.514418969,-0.0232168397774,0.0546392816818,428347.184121
73120,6.337955306,53.4,15.115001202,11.4558162671,2.22879573732,1.36745230755,0.541373953712,0.0559166279286,264.53824742,97.3401269541,19.2611230462,25.515814281,-0.00637727673101,0.0248449276701,139788.910578
0,12.85017461,80.2,24.4312933167,18.6079587568,2.88223544558,1.26693590487,0.505507254549,0.083452818083,301.047673697,154.508977673,4.60081660469,6.70416926315,-0.0337445036575,0.0585734336913,-371416.314915
694016,14.96030317,57.2,24.3065272483,17.1392277825,3.14739534323,1.49586789047,0.509639346207,0.0775187972871,294.718634484,145.970116924,7.66338331683,15.573002556,-0.0269904025733,0.0537363123691,430019.93234
393216,6.764593417,42.3,12.0457028466,15.6537163704,1.91449782383,2.0807360665,0.541768345562,0.0895419312603,226.360033988,116.14522598,30.9871934536,26.9251575393,-0.0316268155599,0.0614380561755,331934.701596
1108416,16.71400344,34.2,21.0701122028,16.364850763,2.64977057609,1.28741343234,0.516001578628,0.074705925897,280.828219312,147.961159775,7.84736874125,15.8095225888,-0.0341789899294,0.0568965403857,959012.339391
1122880,14.31883231,26.7,22.4531425316,20.0185130426,2.56729591664,1.61447895828,0.5210846829,0.0909304893052,263.762092265,151.972868571,18.3805535549,22.3272115666,-0.0315112807553,0.0589280892614,926002.14508
1623840,15.97699831,22.1,18.0319233167,15.719337147,2.46343740047,1.52750614028,0.520983516174,0.0781025740523,247.438703953,121.778888054,15.7036226021,27.4336795122,-0.0248701089677,0.0548850229614,1391846.69065
137088,5.916586056,93.9,13.3248060773,9.38645043211,2.39960192366,1.68371690306,0.534196837925,0.0647001250157,304.330238169,138.482317538,10.5508146367,29.9853597541,-0.0286715297712,0.0557479191771,-482150.717524
521424,6.477849222,85.4,14.2085124134,9.96391192895,2.30614408371,1.57348947635,0.546536454121,0.0531321748598,309.556554264,107.308266795,16.6539413326,22.6071653836,-0.0103656212862,0.0412284386916,-320625.982306
1582976,15.41894753,22.5,13.3965165225,9.9252422294,2.24976510183,1.6430013914,0.539576182975,0.0628162098417,270.617988375,115.783087811,16.4169146313,34.4542997712,-0.0218586782805,0.0565935616482,1677173.69897
137088,5.916586056,93.9,13.3248060773,9.38645043211,2.39960192366,1.68371690306,0.534196837925,0.0647001250157,304.330238169,138.482317538,10.5508146367,29.9853597541,-0.0286715297712,0.0557479191771,-482150.717524
521424,6.477849222,85.4,14.2085124134,9.96391192895,2.30614408371,1.57348947635,0.546536454121,0.0531321748598,309.556554264,107.308266795,16.6539413326,22.6071653836,-0.0103656212862,0.0412284386916,-320625.982306
1623840,15.97699831,22.1,18.0319233167,15.719337147,2.46343740047,1.52750614028,0.520983516174,0.0781025740523,247.438703953,121.778888054,15.7036226021,27.4336795122,-0.0248701089677,0.0548850229614,1391846.69065
1582976,15.41894753,22.5,13.3965165225,9.9252422294,2.24976510183,1.6430013914,0.539576182975,0.0628162098417,270.617988375,115.783087811,16.4169146313,34.4542997712,-0.0218586782805,0.0565935616482,1677173.69897
1722720,22.99417869,28.7,25.7329354949,16.4135521124,3.39722509888,1.86756279958,0.490759206844,0.0823781153436,223.677173904,160.653263006,-0.434981985222,21.559057188,-0.0653868065451,0.13455875498,1643105.38047
381088,14.27146692,84.4,30.83130155,24.77927855,7.101256061,17.18455732,0.0,0.0,217.506301,527.8330083,-0.403757561,80.27998599,-0.017165747,0.864644915,208614.259556
601584,5.455589389,22.8,12.4756297333,10.877114928,2.00090159172,1.67319546357,0.557952658252,0.056861273763,327.249555427,121.885399435,19.4832647301,22.5492387351,-0.0165715370931,0.0597121852809,451502.603001
294288,3.845699417,25.4,12.211270381,13.3239493577,2.00988100404,1.73548587899,0.528383082043,0.0839486989849,263.890466221,172.779872554,12.8516108889,22.4931231815,-0.0513036061629,0.0708230392979,-29857.02441
787968,37.42635689,82.8,22.1709402994,14.613304232,3.20933683359,1.72802298699,0.513274747213,0.0749825657248,289.320940736,140.367759582,7.05665523055,16.8440529397,-0.023328378556,0.0885054704455,2538259.82545
1152752,15.75271853,27.7,26.3265232946,19.3876430998,3.0252908774,1.47180705471,0.504135816648,0.0901069367331,277.122897009,156.681428565,9.68121121254,15.2117848238,-0.041089349086,0.0716445394041,852336.842715
1787120,19.68738478,24.7,19.0565776432,12.6285004302,2.9052800755,1.70433963192,0.531464582216,0.0728398830059,319.83906178,137.164725548,6.32917164354,7.28047850342,-0.0126151318257,0.0744007410998,1409637.7113
346064,5.01402475,25.6,15.5372402653,12.4827252281,2.58584253719,1.99521501145,0.502743177392,0.0811981815701,259.218844451,147.81439885,4.92758840538,13.0818956623,-0.00190574781699,0.0842931568863,-112831.835489
1434416,17.79319919,25.1,21.2025949864,19.6751863805,2.8983918421,2.28682093301,0.450067242007,0.102596935105,251.576042846,279.405087501,3.94337270197,36.9908336913,-0.00434786520797,0.108752935995,1210842.70711
2685824,46.95556183,25.4,39.736338733,24.210157937,3.293823731,1.44980506236,0.394576187558,0.0873680065268,179.991682623,306.487443511,1.3622301682,14.1709010057,-0.0757971680838,0.113408510701,3650702.93646
3186448,46.71289778,22.9,38.6587363368,22.776975574,3.46708967275,1.94307811887,0.40789830388,0.0995243473254,155.519153878,225.613818653,2.77322414491,37.823777236,-0.0747419847396,0.10899474643,4212606.17398
0,18.83858508,82.6,18.7547271821,14.5969240747,2.69190607111,1.61221639649,0.527387933962,0.0826222906073,309.965355774,136.95980321,6.68895257683,14.2725118704,-0.0163105573231,0.0753552789525,544064.648492
814720,18.66083847,48.6,16.0157958598,10.4548781578,2.48092350899,1.31577190771,0.536827797667,0.0490336813574,339.925409986,109.459037791,6.23519834845,16.0022766479,-0.00977229957846,0.0258518150532,1222840.27689
1912448,20.81829508,26.5,16.7440352521,12.6801989368,2.63042521638,1.84301105236,0.526299842376,0.0776463270137,297.671782713,127.681152974,8.6937521202,25.0458010618,-0.0162443971068,0.0773356995835,1827632.51626
1530880,18.49011594,25.5,18.3232425167,10.1142391247,2.76565731442,1.15495803266,0.523422074775,0.0470417362541,316.114145321,102.347199244,2.95981764124,15.2015439748,-0.00992671452036,0.0266320267858,1486402.12878
819776,40.64857581,83.5,23.68836469,20.54353992,3.601132254,5.775811967,0.137407042,0.072085728,519.6458924,1045.581479,-2.459466888,35.21997664,-0.000177256,0.579693241,1859995.57614
3334960,51.00336558,32.3,33.50280378,27.22017721,4.866910574,7.046947278,0.124258736,0.068172069,333.3637442,846.0113608,0.286406204,42.62997668,-0.002953198,0.568353561,3763636.16792
2345296,23.01173836,24.6,24.4298219297,15.1496908138,5.4614075017,2.46670286092,0.417713442433,0.149566586167,205.75082311,233.587876424,-15.4154877851,41.2820061358,-0.0236470259291,0.150052698901,1782393.9346
768816,5.792877639,21.5,13.7105593645,10.4291346208,2.05475029228,1.18986539412,0.541476463577,0.0556748788566,278.72036837,108.134718659,16.0351996396,24.7300201038,-0.00554737564844,0.0236894670073,504147.113524
6466752,84.25398647,43.8,29.63524619,17.8017833443,4.00476392835,1.78972096794,0.462018100721,0.108463767556,204.93034254,115.150606782,-6.54661359345,22.7016004094,-0.0228749870361,0.113238333607,7812137.45656
1891040,49.76612847,82.4,46.05013816,32.07831983,7.963687135,11.00934803,0.097935484,0.087297337,164.8014394,423.7240311,-0.919625421,29.55710684,0.010236473,0.60874099,2971080.52608
3566304,49.70283058,31.5,37.3362562707,22.7961915932,3.78318293563,2.25513171562,0.416602922354,0.0950662500842,229.582749623,286.500499835,-8.24554036805,41.4097885574,-0.0714253856207,0.114452860379,4272620.4072
449808,18.42104222,82.4,23.8313662273,16.6128428791,2.98854007686,1.18812679627,0.494873789067,0.07346717722,271.204474259,139.754022686,1.59870378735,10.0252881424,-0.0352138077727,0.0647396540261,272562.444844
611584,18.68360178,52.2,24.4039166668,16.5581565481,3.13799260229,1.56933034718,0.482966174437,0.0837847482674,241.226154185,125.016736662,4.70216953449,16.9555181018,-0.0371472915106,0.0648457318312,894539.971571
1906496,28.66984683,33.1,28.0267743276,20.1200777351,2.86596786892,0.84238859996,0.472336927587,0.0861125057047,228.77539948,150.64128336,-0.0925508740327,3.60111895436,-0.042817026083,0.0678467395845,1761450.98001
1382112,18.72318897,28.3,18.062210718,16.9760605285,2.19592596033,1.1753509897,0.520365440718,0.080333866725,252.122464592,129.643603455,13.5960809891,23.8067758722,-0.0194125335276,0.0501971783761,1448045.43333
4189616,50.52609025,26.0,24.5744595782,20.0255034522,2.8449242249,1.61215087013,0.501696226572,0.0935815785628,277.104827705,164.755936128,7.74868621531,14.0217105451,-0.0375325761922,0.0727922891518,4452792.77514
0,6.060147694,61.3,18.21469303,19.9517171232,2.01471394189,1.39074427345,0.526283748658,0.0929819283651,242.990189156,146.73141488,20.7128118125,25.4689298843,-0.0350733313854,0.0658696209341,-357872.817699
391936,5.231647361,32.5,18.0934341621,21.2641243242,2.04667620114,1.55695572945,0.519988936459,0.0995781185479,287.344150794,168.346725249,13.7184749588,21.3483788966,-0.0496297980697,0.078767608408,-256668.474369
